state_label,count,ratio
alert_state,21427137,0.8888841366620235
suspected_sensor_fault,2678517,0.11111569740182989
abnormal_pattern,2,8.296807330461587e-08
idle,2,8.296807330461587e-08
