weekday,mean_anomaly_score,anomaly_count
0,-0.5176442347181048,15
2,-0.5175900947377167,11
4,-0.5185774939205187,10
6,-0.5215472183239884,9
5,-0.5211078269046212,7
1,-0.5124887175455235,4
3,-0.5084579881226631,4
